{
    "loss": 0.5575219392776489,
    "accuracy": 0.8620689511299133
}